text,key_words
"ВВЕДЕНИЕ 
Анализ тональности текста – это подраздел обработки естественного языка (NLP) целью которого является классификация текста по тональности. Тональность — это мнение, отношение и эмоции автора по отношению к объекту, о котором говорится в тексте. В качестве объектов могут выступать объекты реального мира, люди, события или процессы. Обычно используется бинарная классификация, выявление в тексте положительных и отрицательных оттенков. Но также может добавляться нейтральный класс или стоять более сложная задача, допустим выявление оценок, которые поставит пользователь: «Отлично», «Хорошо», «Плохо» и другие. 
Анализ тональности текста имеет широкий спектр применений в современном мире. С его помощью можно выявлять отношение пользователей к продукту [8], применять данный анализ для политических [9], социологических [10], экономических [11], маркетинговых исследований, строить рекомендательные и обучающие системы [1]. 
В настоящее время в основном используются следующие подходы для выявления эмоциональной окраски текста: 
1) Лингвистический подход или анализ, основанный на правилах и словарях. Данный подход основан на использовании словарей с заранее подготовленными вручную шаблонами эмоционально важных слов и словосочетаний с их эмоциональными оценками. При использовании данного подхода в тексте ищутся пересечения со словарем. Затем по сумме оценок найденных пересечений определяется тональность заданного текста. Данный подход показывает хорошие результаты для некоторых областей. Основной недостаток данного подхода в большой сложности подготовки словарей, надо хорошо знать предметную область, для которой составляется словарь. Второй недостаток — это плохая масштабируемость, нельзя использовать один и тот же словарь для разных предметных областей. Одинаковые термины в различных областях могут вносить разный вес в степень эмоциональной окраски [2]. 
2) Подход, основанный на использовании методов машинного обучения. Суть данного подхода в том, что вначале на заранее размеченных данных обучается классификатор, который потом используется для классификации новых текстов. В нашей статье мы подробней рассмотрим методы именно данного подхода [5]. 
3) Гибридный подход, сочетающий в себе подходы как на основе правил и словарей, так и на основе машинного обучения. Ряд исследований показывает, что с помощью данного подхода можно добиться улучшения качества классификации, но такой подход является самым трудоемким и затратным по времени [12]. 
Цель данной статьи – исследовать современные методы машинного обучения для задачи определения тональности в тексте на естественном языке на основе публикаций за последние несколько лет. Будут рассматриваться, как и традиционные методы машинного обучения, так и популярные сейчас методы глубокого обучения. Результаты данного исследования планируется использовать для дальнейших исследований в области определения тональности текста. 
ОСНОВНАЯ ЧАСТЬ 
Далее будут представлены основные методы традиционного машинного обучения, а также методы глубокого обучения, в частности, искусственные нейронные сети, которые в последние годы очень популярны и вытесняют более традиционные методы. Дана их краткая характеристика и проанализирована их эффективность для задачи анализа тональности. 
Наивный байесовский классификатор – является вероятностным классификатором. Наивная байесовская модель вычисляет условную вероятность класса на основе распределения слов в документе. Один из самых простых используемых классификаторов. Основан на теореме Байеса с предположением о том, что все признаки являются независимыми, благодаря чему и получил название наивный байесовский классификатор [13]. Но обычно в текстовых документах, предположение о независимости не подтверждается, что делает его слабоэффективным. Тем не менее несмотря на всю простоту и ограничение на независимость, байесовский классификатор может показывать хорошие результаты при классификации текста. В данном исследовании с помощью наивного байесовского классификатора на различных данных получают точность от 55% до 79% [21]. Одним из преимуществ является малое количество данных необходимых для обучения и простота реализации [3]. 
Метод максимума энтропии – также как и наивный байесовский классификатор является вероятностным классификатором. Данный метод основан на принципе максимальной энтропии, что наиболее характерным распределением вероятностей неопределенной среды, являются распределения, которые максимизируют выбранную меру неопределенности при заданной информации о поведении среды. В отличии от наивного байесовского классификатора метод максимума энтропии не делает предположения о независимости признаков, что позволяет добиться лучших результатов. Также как и у наивного байесовского классификатора преимуществами являются простота реализации и малое количество данных необходимых для обучения [14]. 
Деревья решений – представляют из себя древовидную структуру, где на ветках записаны атрибуты, от которых зависит распределение вероятностей классов, а на листьях значения вероятностей классов. Данный метод просто в интерпретации и требует минимальной предобработки данных. Но сами по себе деревья решений используются редко, так как они легко переобучаемы и слишком зависимы от обучающих данных. При небольших изменениях в обучающей выборке мы получаем кардинально разные результаты на тестовых данных. Чаще применяются ансамбли решающих деревьев, которые решают данные проблемы. Примеры таких ансамблей: случайный лес или градиентный бустинг [15]. 
Случайный лес – ансамбль решающих деревьев. В данном методе строиться очень много решающих деревьев большой глубины на разных обучающих данных. Деревья строятся до тех пор, пока в каждом листе не окажется очень мало объектов, то есть они сильно переобучены. Затем все деревья объединяются, и мы получаем эффективный классификатор, у которого отсутствуют недостатки решающих деревьев. Но это вызывает некоторые проблемы, если признаков очень много, то этот подход работает не очень хорошо: деревья будут очень глубокими, на их построение будет уходить слишком много времени. 
Градиентный бустинг – метод машинного обучения для классификации и регрессии. Этот метод строит модель поэтапно, улучшая на каждом следующем этапе модель, которая получилась на прошлом этапе. В качестве базовых алгоритмов используются очень простые модели, например неглубокие решающие деревья. При использовании градиентного бустинг решающие деревья, в отличии от случайного леса, имеют очень небольшую глубину. Но это тоже проблема. Каждое дерево может учесть лишь небольшое подмножество признаков, в то время как зачастую ответ зависит от комбинации большого количества слов в тексте. Поэтому для хорошей работы градиентного бустинга нужно будет использовать очень много деревьев, но даже в этом случае нет гарантии, что полученное качество будет приемлемым. 
Логическая регрессия – является методом линейного классификатора, оценивающий вероятность принадлежности объектов к классу путем сравнения с логической кривой по значениям множества признаков. Используется как для задач регрессии, так и для классификации. На практике часто рассматривается логическая регрессия с регуляризацией. Регуляризация заключается в том, что модель начинает штрафовать за очень большие веса, что не дает модели переобучиться. Логическая регрессия один из самых популярных методов классификации и обученная модель показывает очень хорошие результаты. Из недостатков можно выделить, что необходима качественная предобработка признаков и их отбор [14]. 
Метод опорных векторов (SVM) – набор линейных алгоритмов машинного обучения для задач регрессии и классификации. Цель метода заключается в нахождении среди всех возможных гиперплоскостей пространства, отделяющих два класса обучающих примеров друг от друга, такой гиперплоскости, расстояния от которой до ближайших векторов обоих классов равны (оптимальная разделяющая гиперплоскость) [16]. Является одним из наиболее эффективных методов классификации. Данный метод часто применяется в задачах классификации текстов и показывает хорошие результаты [17]. Линейные модели хорошо масштабируются, могут работать с большим количеством признаков, на очень больших выборках. 
В исследовании методов машинного обучения в задаче автоматического определения тональности текстов на естественном языке применялись основные традиционные методы машинного обучения [4]. В качестве входных данных использовались следующие англоязычные корпуса текстов: 
1) Корпус отзывов о фильмах, входящий в состав библиотеке NLTK, 2000 текстов, в среднем 3500 символов в тексте. 
2) Корпус из лексического семантического тезауруса SentiWordNet, 2000 текстов, в среднем 150 символов в тексте. 
В качестве метрики эффективности метода использовалась AUC – площадь под ROC- кривой (кривой ошибок). Авторы обучили несколько моделей, подбирая разные параметры, чтобы добиться лучших результатов. Перед этим была произведена предобработка данных и отбор признаки. Ниже представлены наилучшие результаты для различных методов традиционного машинного обучения. 
•Логическая регрессия: обучающая выборка – 0.93445, тестовая выборка – 0.93445.
•Дерево принятий решений: обучающая выборка – 0.68204, тестовая выборка – 0.6500.
•Случайный лес: обучающая выборка – 0.90799, тестовая выборка – 0.84000.
•Метод опорных векторов: обучающая выборка – 0.89416, тестовая выборка – 0.86167.
Еще одно исследование в качестве входных данных использует наборы данных содержащие отзывы о товарах с интернет-магазина [22]. Метрики оценивания accuracy (точность) – соотношение правильно предсказанных объектов к общему количеству объектов в наборе данных. В данном исследовании получились следующие результаты: 
•Метод максимума энтропии – точность 72.60%
•Случайный лес – точность 88.39%
•Наивный байесовский классификатор – точность 75.50%
•Метод опорных векторов – точность 91.15%
Как можно заметить среди методов традиционного машинного обучения наилучшие 
результаты показывают линейные модели: логическая регрессия и метод опорных векторов. Также неплохо себя показывает случайных лес. Но эффективность работы традиционных методов сильно зависит от объема и качества обучающих данных. Кроме того, точность во многом зависит от выбора признаков, что достаточно трудоемкая задача. Качество анализа тональности текста, в которых не соблюдаются правила и грамматика языка, например сообщения в социальных сетях, зачастую оказывается довольно низким. В связи с этим, можно сделать вывод, что необходима предобработка данных и тщательный отбор признаков. 
В последние годы методы глубокого обучения все более популярны. Глубокое обучение представляет собой набор алгоритмов машинного обучения, которые моделируют высокоуровневые абстракции в данных, используя архитектуры, состоящие из множества нелинейных трансформаций и выделяя из данных «скрытые признаки» [18]. 
Мы рассмотрим несколько искусственных нейронных сетей, которое являются алгоритмами глубокого обучения. Искусственная нейронная сеть – это математическая модель, построенная по принципу организации и функционирования биологических нейронных сетей. Искусственные нейронные сети широко используются при автоматической обработке текстов на естественном языке, в том числе и для определения тональности текстов. Основная трудность использования искусственных нейронных сетей заключается в необходимости их настройки: определении количества используемых скрытых слоев, функции активации для каждого узла, пороговой ошибки. Также для обучения качественной модели необходимо большое количество обучающих данных, ресурсов и времени. Одно из ключевых преимуществ искусственных нейронных сетей над традиционными методами машинного обучения, нейронные сети способны отбирать признаки в данных без участия человека. В процессе обучения искусственная нейронная сеть выявляет сложные зависимости между входными данными и выходными. Это значит, что в случае успешного обучения сеть сможет вернуть верный результат на основании данных, которые отсутствовали в обучающей выборке, а также неполных и/или «зашумленных», частично искаженных данных. Еще одним преимуществом искусственной нейронной сети является ее способность адаптироваться к разным вариантам постановки задачи с небольшими изменениями в системе, выполняющей анализ тональности [5]. Наиболее зарекомендовавшими себя в области анализа тональности текстов методами глубокого обучения являются сверточные и рекуррентные нейронные сети. 
Сверточные нейронные сети (CNN). Изначально сверточные сети начали использовать для распознавания изображений, но после большого успеха в области компьютерного зрения, их стали пробовать применять и в других областях. В частности, их стали использовать для решения задач классификации текстов. В сверточных нейронных сетях используется операция свертки, когда каждый фрагмент данных умножается на матрицу (ядро) свертки поэлементно, после чего результат суммируется и записывается в аналогичную позицию выходных данных. Поскольку свертки происходят на соседних словах, модель может уловить отрицания или n-граммы, которые несут новую информацию о настроении. В данном исследовании показано, что сверточные сети могут демонстрировать высокие результаты при анализе тональности текста, превосходя другие алгоритмы на некоторых тестах [19]. 
Рекуррентные нейронные сети (RNN) широко распространены в задачах обработки текста, в том числе и для анализа тональности. Особенности рекуррентных нейронных сетей — это наличие обратных связей, связь от более удаленного элемента к менее удаленному. Это позволяет запоминать и воспроизводить последовательности реакций на один стимул. Значение весов сети зависит как от текущих, так и от предыдущих входных данных, благодаря чему вес каждого слова влияет на веса остальных слоев в предложении [6]. 
GRU (Gated Recurrent Unit – управляемые рекуррентные нейроны) и LSTM (Long Short- Term Memory – длительная кратковременная память) являются модификациями рекуррентных нейронных сетей. Они решают проблему исчезающего градиента, которой подвержена рекуррентная нейронная сеть. 
Рекуррентные нейронные сети показывают наилучшие результаты во многих задачах, но процедура их обучения достаточно трудоемка [7]. 
Как уже было сказано выше, среди традиционных методов машинного обучения лучшие результаты показывают линейные модели. В этом исследовании проводят сравнение сверточных нейронных сетей и логической регрессии по определению тональности в сообщениях из твитера [20]. В качестве метрики использовалась accuracy, соотношение правильно классифицированных объектов к общему количеству объектов в наборе данных. Получились следующие результаты: 
•Логическая регрессия: обучающие данные – 84.7%, тестовые данные – 76.7%.
•Сверточная нейронная сети: обучающие данные – 82.9%, тестовые данные – 79.5%.
Как видно сверточная нейронная сеть показывает лучшие результаты. Но у линейных моделей есть преимущество над сверточными нейронными сетями в скорости обучения 45 секунд против 6 часов. Так что если время обучения не приоритет и в распоряжении есть большое количество обучающих данных, то лучше отдать предпочтение искусственным нейронным сетям. 
Еще одно исследование, которое сравнивает уже рекуррентные нейронные сети с линейными моделями [7]. В качестве входных данных используется набор данных отзывов о машинах. В качестве метрики – accuracy (точность). 
•Логическая регрессия: точность 70.1%. •RNN: точность 76%.
•LSTM: точность 77% 
Сравнение различных архитектор рекуррентных и сверточных нейронных сетей. Оценка производиться на наборе данных, содержащий обзоры фильмов, а в качестве метрики используется точность. 
•Сверточная нейронная сеть: точность – 86.8%.
•Рекуррентная нейронная сеть: точность – 87.5%. 
Среди методов глубокого обучения в задаче анализа тональности текста больше зарекомендовали себя рекуррентные нейронные сети. Но в некоторых задачах сверточные нейронные сети также могут показывать хорошие результаты, которые превосходят рекуррентные нейронные сети. Допустим исследование, где производится анализ тональности в коротких сообщениях [19]. В данном исследовании сравниваются различные архитектуры сверточных и рекуррентных нейронных сетей. Получились следующие результаты: 
•Сверточная нейронная сеть: точность – 88.1%.
•Рекуррентная нейронная сеть: точность – 85.4%. 
ЗАКЛЮЧЕНИЕ 
В данной обзорной статье описаны основные методы используемые для анализа тональности текста. Представлены методы традиционного машинного обучения, используемые для анализа тональности. А также описаны методы глубокого обучения. 
Результаты данного исследования будут использованы для другого исследования «Разработка программного модуля для распознавания психоэмоционального состояния на основе текстовых сообщений чата проводимого занятия». Следующей задачей стоит проверить на экспериментальных данных эффективность методов глубокого обучения и подобрать оптимальную архитектуру для задачи определения тональности текста. Также в качестве будущего исследования можно сделать сравнительный анализ различных методов традиционного машинного обучения и методов глубокого обучения на разных наборах данных. ","анализ текста на естественном языке, анализ тональности, машинное обучение, глубокое обучение, искусственные нейронные сети"
"""Многие европейские молодожены считали обязательным посетить Италию, Швейцарию или Францию во время свадебного путешествия, которое стало особо популярным явлением в XIX веке. В нашей стране многие российские пары начали также выезжать на курорты Средиземного моря. Понятие «свадьба за границей» появилось в 80-х годах ХХ века в Европе. Первопроходцами стали хиппи, которые старались уйти от общепринятых норм касательно свадебной церемонии. Со временем преимущества таких свадеб оценили известные лица шоу-бизнеса, и с тех пор организация свадебного путешествия является неизменным атрибутом бракосочетания и признаком романтичности и демократичности. 
В советское время такое понятие как свадебное путешествие было отвергнуто, как и множество других «капиталистических» традиций. Но, несмотря на это, молодожены старались найти возможность провести несколько недель вдали от дома и родителей, с которыми большинство вынуждено было делить общую жилую площадь. География свадебных путешествий для российских молодоженов расширилась после распада Советского Союза, когда выбор направлений для совместного путешествия пополнился ранее недоступными странами. Теперь выбор места отдыха и свадебного путешествия стал абсолютно свободным. Все большую популярность среди направлений свадебных путешествий стали приобретать экзотические страны [7]. 
Индустрия свадебных туров получила свое основное развитие в начале 2000-ых годов в связи с ростом конкуренции на рынке свадебного туризма. Именно тогда стали появляться первые туристские компании, специализирующиеся на свадебных турах. Туристскими фирмами формируются как пакетные туры для молодоженов, так и разрабатываются индивидуальные предложения. Путешествие можно дополнить большим набором дополнительных услуг: организация свадебной церемонии принимающей стороной, услуги фотографа, стилиста в стране пребывания, аренда автомобиля, организация застолья и т.д. Кроме того туристские компании стали предлагать услугу официального оформления брака заграницей, что значительно упростило данную процедуру для молодоженов. 
На рынке свадебного туризма заметна тенденция к специализации компаний, что сказалось на улучшении качества предоставления свадебных услуг. Стали выделяться предприятия с определенным позиционированием, например, театрализованные свадьбы, свадьбы в европейском, скандинавском или русском стиле, свадьбы для vip- клиентов, деревенская свадьба и т.д. Это дало молодоженам возможность выбирать нужного специалиста и компанию. 
Раньше, когда проведение свадебных церемоний ограничивалось лишь страной проживания молодоженов, свадебный тур подразумевал под собой лишь свадебное путешествие. Однако сегодня проведение свадебной церемонии возможно в любой точке земного шара без особых проблем. Таким образом, отличие свадебного тура от обычного свадебного путешествия состоит в месте проведения самого акта бракосочетания, которое может осуществляться в той стране, куда направились молодожены [8]. 
Свадебный туризм стал модной тенденцией в последние годы. Сформировалась данная тенденция ввиду влияния нескольких факторов, во-первых, показательных свадеб российских звезд шоу-бизнеса, многочисленных сериалах о «золушках» на ТВ каналах, и, наконец, желаниях самих молодых провести важное событие в своей жизни как-то по-особому ярко. Также появилась склонность к празднованию свадьбы в узком кругу близких друзей и родственников. При этом, чем меньше гостей, тем выше уровень сервиса и организации праздничного мероприятия в целом. Большая часть свадебного бюджета выделяется на последующее свадебное путешествие. 
Большое влияние на успешное проведение свадьбы оказывают такие факторы, как намеченный маршрут свадебного путешествия и место, выбранное для проведения торжества. Например, организация и проведение свадебного торжества не в привычном ресторане, а в одном из старинных замков Франции или на пляжах Кипра способны придать мероприятию должный статус, сделать его красочным и запоминающимся [1]. 
Свадебный туризм - вид туризма, который рассчитан на молодоженов, ставший популярным и уже хорошо освоенным направлением туристского бизнеса. Различные словари предлагают свое определение свадебной церемонии: в словаре Ожегова «свадьба - брачный обряд» [3], в большом энциклопедическом словаре «свадьба - обряд, сопровождающийся заключением брака» [2]. Свадебный тур — это романтическое путешествие, приуроченное к свадебному торжеству. Цель свадебного тура—превратить свадебный процесс (само торжество, венчание или годовщину свадьбы) в путешествие или дополнить им (отправиться в медовый месяц). 
Каждый свадебный тур составляется по индивидуальной программе, так как это специфический продукт. 
Особое внимание следует уделять предлагаемому сервису и качеству предоставляемых услуг. По этой причине свадебные туры, как правило, включают проживание в лучших отелях в номерах для новобрачных, романтические ужины, организацию различных круизов, прогулок на яхте, воздушном шаре и т.д. Молодоженов часто ожидают приятные мелочи: цветы и шампанское по приезду в отель, корзина с фруктами в номере, лимузин для экскурсий, сюрпризы и комплименты [4]. 
Разнообразие существующих видов отдыха открывает безграничные возможности для проведения свадебного торжества. Это может быть почти необитаемый остров с дикой природой или яркий насыщенный тур в Лас-Вегас. Все более востребованы нестандартные, неповторимые сценарии свадеб. Перечислить все возможные сценарии практически невозможно, это определяют безграничная фантазия и бюджет туристов. Наиболее яркие примеры таких туров: свадебная церемония под водой на Мальдивских островах, в самой глубокой пещере Словении, на воздушном шаре в Турции, на необитаемом острове на Сейшельских островах, тематические свадьбы по сценарию из фильмов, стилизованные, во время прыжка с парашютом, “drive-thru” (не выходя из авто), вертолетные свадебные туры на Гранд-Каньон. В 2012 году на Северном полюсе впервые прошел обряд венчания. Все более популярны в последнее время свадьбы в сочетании с романтическим круизом на индивидуально арендованной яхте. 
Проанализировав данные туристских компаний, реализующих свадебные туры были выделены основные направления и центры свадебного туризма. Каждая туркомпания имеет собственную классификацию свадебных туров, но чаще всего страны объединяют по географическому признаку (Европа, Азия, Америка, путешествия на острова), учитывая бюджет тура (бюджетные или эксклюзивные направления) или нестандартные направления. Конечно, в первую очередь, предпочтение отдается купально-пляжным направлениям, где есть возможность провести церемонию на пляже около моря. В основном это островные государства - о. Куба, о-ва. Фиджи, Багамские, Бермудские, Сейшельские, Мальдивские, Гавайские острова, о. Маврикий, о. Бали. 
Россия также предлагает много удивительных романтических мест: Байкал, Черноморское побережье, город Санкт-Петербург, Золотое кольцо, Карелия, Крым и т.д. Но для нашей страны свойственны более низкие темпы развития свадебного туризма по сравнению с зарубежными направлениями. Таким образом, выбор того или иного направления, подходящего для формирования свадебного тура, обуславливается множеством факторов: предпочтениями туристов, опытом компании в организации индивидуальных туров по данному направлению, наличием надежных и качественных партнеров для возможности дополнительного контроля путешествия. 
Сами свадебные церемонии могут быть официальными и неофициальными. Существует список стран, в которых можно заключить брак официально. Неофициальные церемонии возможны практически везде. Если пара выберет неофициальную церемонию, то свадебный процесс будет лишь символичным, и не иметь никакой юридической силы в своей стране. Так можно отметить медовый месяц или любую свадебную годовщину. 
Проанализировав основные предложения туристского рынка свадебных туров можно выделить: 
•	официальную регистрацию брака за рубежом; 
•	церемонию венчания за рубежом; 
•	 символическую свадьбу в соответствии с обычаями выбранной страны; 
•	 романтическое путешествие, приуроченное к медовому месяцу 

Официальная регистрация брака за рубежом связана с определенными трудностями, так как туристы сталкиваются не только с необходимостью подготовки необходимых документов, но и с их нотариальным заверением, переводом на соответствующий язык и проведением апостилизации, то есть легализации документов. Вместе с тем, свидетельство о бракосочетании, полученное от официальных лиц после проведения бракосочетания необходимо легализовать, чтобы оно было действительно в России.
Для организации обряда венчания туристам также необходимо подготовить ряд документов, при этом венчание в церкви не заменяет официального оформления брака. 
Вопросы студенческой науки Выпуск No15, ноябрь 2017 Намного проще обстоит дело с символической свадьбой, которая проводится исключительно в соответствии со вкусами и предпочтениями молодоженов, возможностями туроператора и традициями страны пребывания. После проведения символической церемонии пара получает символическое свидетельство о регистрации на память, но этот документ не имеет никакой юридической силы.
Как правило, после свадебной церемонии, вне зависимости от того, организуется она в стране пребывания туристов или за рубежом, отправляются в романтическое путешествие, приуроченное к медовому месяцу. Определяя место свадебного туризма в туристской отрасли и, исходя из наиболее известной и распространенной классификации видов туризма, можно сделать вывод, что свадебный туризм — самостоятельный 
вид туризма.
Как отмечал в своей работе Сергей Павлович Шпилько, к.э.н., доцент, президент Российского Союза 
Туриндустрии, сложность классификации видов туризма зависит от возможных сочетаний различных видов деятельности в рамках туристской деятельности и от самой природы путешествий. Кроме того, классификации туристских путешествий свойственная более сложная иерархическая структура, чем просто деление на виды туризма [5]. Сейчас видом туризма называется и воздушный туризм, и входящий в его состав дельтапланеризм или b.a.s.e.- jumping. 
Опираясь на статью Шпилько С. П., по целям путешествия свадебный туризм можно отнести к рекреационному виду туризма, по организационной форме – к плановому или же самостоятельному. По возрастно- социальному признаку - семейному и взрослому. По целям отдыха свадебный туризм в основном купально-пляжный, по характеру отдыха и его организации - активный или пассивный. 
Российский рынок свадебных услуг обладает несколькими особенностями: 
•сезонность. Пик свадебного сезона начинается на Красную горку и заканчивается в декабре с рождественским постом. На летний период приходится до 60% всех свадеб, далее по популярности у молодоженов следует сентябрь–октябрь, менее всего востребован зимний период. Самые рейтинговые даты – день города, день святого Валентина и красивые даты (например, в 2010 году три десятки – 10.10.10, в 2012 году «свадебный переполох» был 12.12.12); 
•низкий уровень доходов россиян сказывается на неготовности населения платить за организацию свадебных услуг. Повышенная цена свадебного тура объясняется тем, что маршрут составляется индивидуально с учётом пожеланий клиента, однако зачастую свадебный тур обходится клиентам гораздо дешевле, чем организация банкета в родном городе в сочетании с последующим медовым месяцем; 
•	• множество нигде не зарегистрированных частных лиц, предлагающих услуги по организации свадеб; 
•	• разделение свадебного рынка: если раньше небольшие компании пытались заниматься сразу всем подряд, то сегодня идет конкретная специализация, а сопутствующие товары и услуги становятся темой для отдельного бизнеса; 
•юридические тонкости зачастую могут осложнить процесс организации торжества. Свадьба за рубежом включает в себя ряд юридических нюансов, в некоторых государствах официальное заключение брака бывает более сложным, чем в других. 
Упростить преодоление юридических тонкостей можно решением ряда законодательных проблем. В столичных городах имеется достаточный опыт оформления и переоформления документов, выдаваемых заграницей, однако в регионах зачастую не каждый отдел ЗАГС и паспортный стол имеют представление о том, что делать с иностранным свидетельством о браке. Для венчания за рубежом, необходимы справки о крещении и разрешение на венчание от Русской церкви. Кроме того, зарубежная церковь отказывается венчать пары, официально не зарегистрированные в России и не имеющих свидетельство о браке. Визовые формальности страны проведения 
Вопросы студенческой науки Выпуск No15, ноябрь 2017 свадебной церемонии также являются сдерживающим фактором организации свадебного тура. 
Сдерживающими факторами развития свадебного туризма в России являются: недостаточное количество средств размещения в регионах, низкий уровень сервиса, высокая стоимость на ж/д- и авиа- билеты внутри страны, финансовые способности родителей при отсутствии возможности оплаты тура со стороны молодоженов, предпочтение заграничных направлений российским у большинства брачующихся. Основными преимуществами свадебного путешествия по России для многих молодоженов остаются: отсутствие языкового барьера и необходимости оформления дополнительных документов, таких как виза и загранпаспорт. Некоторые российские туристы предпочитают отказаться от свадебного путешествия за рубеж, опасаясь незнания традиций, прав, законов, обычаев другого государства, а также террористических акций, преступлений. 
Несмотря на то, что свадебный туризм является весьма узким сегментом туристского бизнеса, специалисты в области свадебного туризма предсказывают ежегодное увеличение объема данного сегмента рынка. Это объясняется тем, что люди стараются не экономить на свадьбе, так как это одно из самых ярких и запоминающихся событий в жизни, зачастую происходящее один раз. Однако ввиду падения курса рубля и роста цен предпочтения в выборе страны для свадебного туризма стали отдаваться экономическим вариантам – снизились бюджеты свадеб, уменьшилось количество дополнительных услуг за исключением фотосессии. 
С проблемой привлечения новых клиентов сталкиваются все туристские компании, не только специализирующиеся на свадебных направлениях. В связи с этим компании по свадебному туризму стали обращаться к нестандартным приемам привлечения туристов. Одним из широко применяемых и недорогих способов борьбы за клиентов являются партнерские программы cross-promotion – взаимное продвижение услуг компаний, которые не являются конкурентами, но имеют одну целевую аудиторию. Специфика свадебных туров такова, что лучшие партнеры – это свадебные салоны и event-агентства. Кроме того, продвижение идет через специализированные журналы, тематические выставки, социальные сети, контент-маркетинг сайта, «сарафанное радио». 
Продуктивная работа туристских фирм, разработка востребованных предложений для туристов, активное продвижение свадебных туров – это лишь малая часть решения проблемы развития свадебного туризма. Данный вопрос должен решаться и на федеральном уровне. Внесение исправлений в законодательство, которое обеспечит свободу осуществления туристской деятельности для иностранных граждан, упрощенный режим регистрации брака, строительство новых Дворцов Бракосочетания, все это в совокупности поможет заинтересовать иностранных граждан и увеличить срок их пребывания в стране [6]. 
Рассматривая свадебный туризм более подробно, можно сказать, что он является неоднородным, перспективным, дорогостоящим, прибыльным и достаточно интересным направлением в туристском бизнесе. Свадебный туризм представляет собой большой резерв для развития гостиничной индустрии: разрабатываются наборы специальных предложений для молодоженов, предлагаются свадебные предложения по ресторанному обслуживанию, оздоровительные программы для молодоженов на территории spa-центра гостиничного мероприятия и многое другое. 
Таким образом, можно сказать, что сегмент туристского рынка свадебный туризм, с одной стороны, достаточно узкий, с другой — определенный спрос на него есть. Свадебный тур это не только торжество, но и возможность познакомиться с культурой страны, оценить архитектурный и природный потенциал выбранной дестинации. Несмотря на все проблемы, в России стали больше внимания уделять развитию свадебного туризма, который приносит не малый доход государству и является перспективной отраслью бизнеса. Российские туристские компании стремятся к налаживанию более тесных связей с зарубежными организаторами свадебных церемоний. В перспективе это может привести к большей прозрачности рынка свадебных услуг, повышению надежности и качества услуг за счет уверенности работы принимающих сторон, а также даст новый толчок к развитию свадебного туризма в целом. 
Но пока особой популярностью все еще пользуются церемонии бракосочетания и венчания за рубежом.
Вопросы студенческой науки Выпуск No15, ноябрь 2017 Свадебный туризм стал перспективным направлением деятельности различных туристских компаний, работающих на выездной поток, и занимает важные позиции в сфере мирового туризма. Грамотная работа туроператоров и турагентств позволяет путешествовать молодоженам по всему миру, выбирая наиболее экзотичные, необыкновенные места для проведения свадебной церемонии: от наиболее стандартных вариантов проведения свадьбы до церемонии под водой, на вертолете, воздушном шаре или на необитаемом острове. Символическая, официальная свадебная церемония или медовый месяц, организованные за границей, становятся прекрасным дополнением или альтернативой стандартному бракосочетанию. Турфирмы, гостиницы, авиакомпании и другие объекты туристской и свадебной индустрии предлагают широкий спектр услуг, специальные скидки, устраивают рекламные акции для привлечения молодоженов в качестве новых клиентов. ","свадьба, свадебный тур, туристский продукт, свадебное путешествие "
"В настоящее время Дистанционная форма обучения очень востребована, она прежде всего разновидность заочной. Студенты обучаются не посещая учебных заведений на базе интерактивных и интернет-технологий. Дистанционное обучение – потребность времени, это учёба в электронных версиях. Студенты осваивают 100 процентов материала выбранной специальности, становятся квалифицированными специалистами и сразу после выпуска готовы выполнять свои профессиональные обязанности. Распространение коронавируса COVID-19 внесло серьёзные изменения в образовательный процесс по всему миру. Множество студентов, не смогли продолжить занятия в традиционном очном формате. В связи с этим остро встал вопрос об обучении дистанционно. А дальнейшая неблагоприятная эпидемиологическая ситуация с марта 2020 года стала причиной перехода всех образовательных учреждений на дистанционный формат работы. 
Кажется, дистанционное обучение только зарождается как метод преподавания. Однако оно имеет довольно долгую историю. Считается, что «зарождение» этого метода началось с появления первых вещественных источников информации (средств обучения). Чтобы понять стадии становления дистанционного образования, нужно опираться на учение об информационных революциях. Первая революция - «внедрение языка» - не имеет существенного влияния на дистанционное образования, однако на этом этапе формируется непосредственно обучение как процесс взаимодействия ученика и учителя. 
Вторая - «внедрение письменности» - появилась возможность обмениваться знаниями на расстоянии (почтой), а также сохранить их для следующих поколений. Третья - «внедрение книгопечатания» - усовершенствовались способы хранения и передачи информации, появилась возможность выпускать недорогие учебники. На этом этапе преподаватели использовали почту для рассылки учебного материала, методических указаний, экзаминационных вопросов. Обучение осуществлялось посредством переписки. Четвёртая революция - «появление электричества и внедрение телерадиотехнологий» - взаимодействие педагога со студентами происходило с помощью печатного материала, а также посредством консультаций с использованием технических средств связи (телефон, радио, телевидение). [1]  вопрос об обучении дистанционно. А дальнейшая неблагоприятная эпидемиологическая ситуация с марта 2020 года стала причиной перехода всех образовательных учреждений на дистанционный формат работы. 
Кажется, дистанционное обучение только зарождается как метод преподавания. Однако оно имеет довольно долгую историю. Считается, что «зарождение» этого метода началось с появления первых вещественных источников информации (средств обучения). Чтобы понять стадии становления дистанционного образования, нужно опираться на учение об информационных революциях. Первая революция - «внедрение языка» - не имеет существенного На данный момент вопросы дистанционного образования достаточно часто становятся предметом споров и неоднозначных оценок среди исследователей. Одним из подобных вопросов является использование понятий дистанционного и электронного обучения. Безусловно, эти понятия близкие по содержанию, но не тождественные. Под дистанционным обучением следует понимать форму обучения, а под электронным – средства обучения, которые лежат в основе использования цифровой техники и телекоммуникационных систем и позволяют получать знания с помощью виртуальных сред. 
С каждым днём в мире расширяются программы дистанционного изучения. Несмотря на то, что в мире выросло число тех, кто нуждается в этом виде обучения (бизнесмены, учёные, работники органов, обслуживающий персонал гостиниц, туроператоры, работники по заказу и др.), программы дистанционного обучения корпоративные потребности учитывают либо поверхностно, либо не учитывают вовсе. Специализированные программы или устарели, или они на стадии разработок, например для представителей медицины и фармацевтики, учёных, связанных с био- и информационными технологиями. Часто дистанционное образование путают с заочным, где применяются дистанционные технологии. Учебные планы и требования к знаниям одинаковы. Отличия в организации подачи материалов, в методах контроля знаний. Рассмотрим разницу в элементах организации процесса. На заочном обучении студенты большую часть учебного материала ищут и изучают сами, между сессиями студент высылает задания преподавателям по почте, общение преподавателей только на сессиях. Два раза в год сессии, самостоятельный график обучения между сессиями, получение диплома государственного образца. При дистанционном обучение материалы доступны в электронной учебной среде, полноценная тренировка навыков в семестрах: задания, тесты, тренажёры, преподаватели на связи, есть помощь куратора, сессии не приходя в учебные заведения – из дому, учёба по своему графику в любое время из любого места, стоимость обучения ниже, никаких дополнительных расходов.[2] 
И так, в дистанционном образовании много плюсов не нужно ездить в университет, экономия. Технологическая оснащённость, хорошо налаженная связь с преподавателями, всегда доступные материалы в видео, аудио форматах. Однако нужно отметить и недостатки дистанционного обучения: прежде всего отсутствует «живое» общение студентов с преподавателями и студентов между собой, нет возможности работы с слабоуспевающими студентами, отсутствует возможность для дополнительного объяснения им материала, существует вред для здоровья (снижение двигательной активности, повышения нагрузки на глаза), использование готовых ответов из сети Интернет.[3] 
Сегодня важным стало обеспечение качественным образованием учащихся в дистанционном образовании. Для этого прежде всего большое внимание уделяется усовершенствовать подготовку педагогов, вовлеченных в инновационных процесс, систематически повышать их квалификацию в этой сфере и образовательному стандарту формирование у учащихся общих умений и повышению уровня самостоятельной работы учащихся, формированию у них оценочной самостоятельности. В связи с этим применение информационно- коммуникационных технологий в народном образовании становится необходимым, ученики, начиная со средних классов должны приобретать качественные знания. Окончив школу перед чем начать дистанционное образование должен уметь: самостоятельно находить информацию, анализировать и систематизировать её, осозновать важность и значимость полученных знаний, работать в группе. 
Дистанционная форма обучения ориентирует свои программы на спрос. С изменением спроса должны изменяться, обновляться программы. Более того важно удовлетворить запросы студентов в отношении времени, места, частоты  контактов с преподавателями, применяя для эффективности обучения современные информационные технологии. Вот почему одним из вариантов изменения ситуации и становится система дистанционного обучения, которая способна взять на себя функции инструмента для формирования и удовлетворения потребностей человека в соответствии с интересами общества. 
Дистонционное образование предпологает осуществление студентами и преподавателями ряд разнообразных действий. Например: выполнение тестовых заданий в онлайн-режими с автоматическим оцениванием результатов, выполнения заданий творческого характера, участие в онлайн уроках, участие в онлайн консультациях, работа над индивидуальными и групповыми проектами, участия в дискуссиях. В условиях коронавирусной инфекции люди смогли приобрести большой опыт организации дистанционной формы обучения. Однако нельзя не отметить сложности, с которыми столкнулись преподаватели при подготовке урока при дистанционной форме обучения: большое количество часов требует грамотного отбора методических источников. 
Таким образом, при хорошем интернете дистанционное изучение русского языка и литературы может быть также плодотворно, как и очные занятия, исключение составляют разве что занятия с малышами, которым нужна помощь взрослого на первых порах, но, как известно, маленькие дети обладают огромными адаптационными возможностями.
Делая вывод, в условиях пандемии мы еще раз убедились, насколько важно развивать технологии. Это способствует и дальнейшему развитию дистанционного образования. Кроме того, стало очевидно, что от технологий зависят и государственные услуги, и система государственного управления, а также торговля и сервис. 
Но как бы то ни было, огромный «плюс» дистанционных технологий в том, что они позволяют любому человеку учиться непрерывно – всю жизнь. 
","дистанционное образование, изучение, интернет-ресурсы, форма обучения, заочное обучение"
"Фигурное катание – это сложно-координационный, травмоопасный вид спорта, ко- торый имеет большие риски получения травм, где спортсмены, перемещаясь на коньках по льду (в основном под музыкальное сопровождение), выполняют дополнительные эле- менты. Истоки фигурного катания лежат в далеком прошлом и уходят корнями в бронзо- вый век. Человек научился быстро передвигаться по льду, когда прикрепил к обуви специ- альные приспособления из кости. В настоящее время коньки стали делать из железа, что помогло увеличить скорость катания, а вместе с тем выросло количество травм. 
Задачей исследования является оценка травмоопасности фигурного катания и изу- чение методов предотвращения травм. 
Главной задачей первых фигуристов было вычерчивать на льду разнообразные фи- гуры, сохраняя при этом красивую позу. После каждого выступления судьи выходили на лед и изучали оставленный фигуристом след, что составляло основу соревнования. 
Изменения пришли с появлением телевидения. Фигурное катание стало более зре- лищным видом спорта, которому свойственны смешанные упражнения, преобладающие ациклические движения. Динамическая работа дополняется значительной долей статиче- ских упражнений. В связи с этим занятия фигурным катанием развивают как статическую (изометрическую), так и динамическую (в частности, взрывную) силу. Многочисленные ускорения и замедления, наклоны и вращения, сложность сохранения равновесия на малой площади опоры повышают тонкость анализа положений и перемещений тела и развивают вестибулярный аппарат. Повышается мышечно-суставная и тактильная чувствительность, точность глазомера, дифференцировка слуховых ощущений, способность к комплексному восприятию информации от многих сенсорных систем (чувство льда). 
Переменная мощность работы требует развития соответствующих физиологиче- ских свойств организма, адаптации двигательного аппарата и вегетативных систем к рез- ким изменениям уровня рабочей активности. Это может быть обеспечено путем совершен- ствования регуляции перестроек различных функций, повышения скорости процессов вырабатывания и восстановления. Переключения мощности работы сопровождаются и пе- реключениями уровня энерготрат – от незначительных в обязательных программах, где не- высока скорость и велика доля статического компонента, до больших – при быстрых и ди- намичных произвольных упражнениях. По длительности выполнения произвольных программ (2–4,5 мин) они относятся к зоне субмаксимальной мощности. При такой дли- тельности упражнений образование энергии осуществляется как аэробным (окислитель- ным), так и анаэробным (гликолитическим) путем. Следовательно, для фигуриста важно развитие как аэробных возможностей организма (доставки кислорода работающим мышцам), так и анаэробных (способности выполнять работу за счет расщепления гликогена). 
Различают виды фигурного катания: мужское и женское одиночные катания; парное катание; спортивные танцы; синхронное катание. 
Самое опасное из них – парное катание, в котором партнеры не только катаются в унисон, исполняя движения в гармонии друг с другом, но и выполняют различные эле- менты: «поддержка», «выброс», «подкрутка» и «тодес», которые вообще не имеют анало- гов в одиночном катании. Поэтому все травмы, которым подвержены одиночники и тан- цоры, сопутствуют и парникам. 
Вдобавок ко всему, у партнеров есть своя специфика работы – силовые элементы, которые добавляют сложность и опасность парному катанию. За многие годы исследова- телями установлено, что травмы у фигуристов в парном катании в 1,5 раза больше, чем в одиночном и в 2 раза больше, чем в танцах на льду. 
Особо опасный элемент в парном катании – параллельное вращение, где все движе- ния исполнителей должны быть абсолютно синхронными. Стоит одному из спортсменов чуть замедлиться и для зрителя нарушится вся стройность композиции, а для самих фигу- ристов опасность серьезной травмы возрастет в разы. 
В парном катании фигуристка, как правило, ниже своего партнера, поэтому она рис- кует значительно больше. Во время параллельных вращений ее лицо может оказаться в проекции движения конька её партнера. В парном катании есть фактор риска, который от- сутствует у одиночников – это риск получить серьезную травму лезвием конька при паде- нии. Раны от удара лезвием конька – самые опасные и могут иметь тяжелейшие послед- ствия. Они на первом месте по тяжести повреждений. 30% всех несчастных случаев в парном фигурном катании заканчиваются сотрясением мозга. От удара расположенное глу- боко внутри мозга мозолистое тело (сплетение нервных волокон в головном мозге чело- века, которое соединяет правое и левое полушария) колеблется быстрее и интенсивнее. Именно сильные колебания этой области после удара создают значительную нагрузку на окружающие ткани и могут привести к потере сознания и другим проявлениям черепно- мозговой травмы, которые испытывают и кора, и полушарие. К сожалению, у спортсменов, которые профессионально занимаются спортом, большинство сотрясений не регистриру- ются и не лечатся, и могут привести к ухудшениям памяти, неврозам и напомнить о себе через десятки лет. 
Также в парном катании есть еще одна опасность – это травмы, полученные во время поддержек и выбросов, выполняя выбросы или поддержки (стандартная высота около двух метров), спортсмены могут совершить неисправимые ошибки. Чаще всего партнерши по- лучают травмы при падении (скорость составляет 20–25 км/ч), а также при форс-мажорных обстоятельствах, когда конек партнера попадает в дугу-след. 
Чтобы снизить риск травмы при падении, прямой удар нужно превратить в скользя- щий. Если фигурист во время падения направит партнершу вдоль льда, закрутив ее, то пря- мой удар превратится в скользящий, и девушка, вероятно, не получит серьезных поврежде- ний. Принять правильное решение за долю секунды, в тот момент, когда ты испытываешь мощнейшие нагрузки и находишься в движении, – это задача огромной сложности. Как правило, если в парном катании один партнер ошибается, второй уже не в силах исправить ситуацию. Партнеру наносится психологическая травма в результате интенсивного остро- эмоционального, стрессового воздействия на его психику, вследствие нанесенного вреда партнёрше. 
Пара на льду существует как единый организм, чья-то малейшая неточность – след- ствие – страдают оба партнера. 
Год от года появляются всё новые элементы, программа усложняется, фигуристы далеко не всегда успевают адаптироваться к изменяющимся требованиям, часто травмиру- ются как на соревнованиях, так и на тренировках. Для того, чтобы одержать победу в со- ревновании, фигурист должен выполнить все установленные технические требования, ко- торые каждый год значительно усложняются Международным союзом конькобежцев. 
Поэтому нужен правильный подход к оценке функционального состояния фигури- стов, которое определяет спортивную форму спортсмена. Таким образом, должна быть учтена психологическая составляющая, тогда функциональное состояние будет включать в себя: первое – морфологическую (пластическую), второе – функциональную и третье – психологическую составляющую. 
У всех фигуристов травмы чаще всего возникают в области лодыжки, на втором ме- сте – колено, на третьем – поясница. Эти повреждения вызваны падениями и чрезмерной ударной нагрузкой. 
Один из важных элементов фигурного катания – это прыжки. 
Виды прыжков: тулуп; сальхов ритбергер; лутц; аксель; флип. Они отличаются по технике, но суть одна – спортсмен на скорости должен «оторвать» свое тело ото льда, совершить группировку и вращение в воздухе и красиво приземлиться на одну ногу. Осо- бенно сложные прыжки у одиночников в 3, а то и в 4 оборота каскадом. Кроме обычной травмы при прыжке, фигурист может получить и скрытые повреждения, а их последствия могут быть катастрофическими. Для фигуристов характерны осевые и вращательные нагрузки. Такая специфика приводит к тому, что резко возрастает давление на диски и тела позвонков, происходит их сжатие, что может привести к компрессионному перелому по- звоночника. 
Частые падения, без которых спортсмену не отработать прыжок, дополнительно нагружают позвоночник. Профессиональный спортсмен, как правило, приземляется на одну ногу, поэтому происходит разрушение тазобедренного сустава. 
Ассиметричная нагрузка действует на весь опорно-двигательный аппарат, этот про- цесс продолжается годами. В фигурном катании травмы и их последствия могут иметь накопительный эффект, что в дальнейшем может привести к серьезным последствиям. 
Чтобы достичь высот в фигурном катании, необходимо начать заниматься уже в 3 года. С 3,5 лет до 6 дети проходят подготовительные упражнения в спортшколе. Профес- сиональные занятия фигурным катаниям начинаются с 6-ти лет. В 7 лет молодой фигурист должен выполнять прыжок в 2 оборота, а в 10 лет – в 3 оборота. Все сложные элементы фигуристы должны усвоить максимум до 11 лет. 
Исключить болезненные падения невозможно, но уменьшить их количество – ре- ально. Для более безопасного выполнения прыжков, тренеры используют устройство под названием «Лонжа», с помощью которого предотвращаются падения и создаются облег- чённые условия для прыжка. 
Большое место в подготовке фигуристов должны занимать занятия вне катка: в тре- нажёрном зале, бассейне, танцевальном классе с соблюдением методических принципов подготовки спортсменов – поэтапное усложнение и увеличение нагрузок. 
Для того, чтобы избежать травм, обоснованно составить программу тренировок, фи- гуристам нужен точный расчёт. С помощью разработанной компьютерной программы мо- делирования прыжков и вращения спортсменов, возможно определить положение рук и головы, фигуриста чтобы безопасно увеличить скорость вращения. Комфортный предел для фигуристов составляет (около 330 оборотов в минуту необходимо 0,65 секунды), а для четвёртого прыжка – 430 оборотов в минуту потребуется 0,75 секунды. 
В основном, в парном катании, травмам подвергается именно фигуристка. Для ее защиты, на голову надевают мягкий шлем, а специальный корсет смягчает последствия асимметричной нагрузки, но подобная защита не используется на выступлениях. Это объ- ясняется тем, что фигурное катание – это эстетичный вид спорта, искусство. Для красоты линий и движений, передачи духа танца невозможно использовать защиту. 
Единственное, что действительно может спасти фигуристов от травм и помочь при перегрузках – это восстановление правильного мышечного корсета тела. Работа над мыш- цами, которые не задействованы в прыжках и вращениях, поможет компенсировать асим- метрию тела человека. 
Таким образом, можно сделать вывод, что опасность фигурного катания становится с каждым годом более высокой, так как различные повреждения связочно-капсульного ап- парата суставов, мышц, переломы, гематомы и ушибы мягких тканей усугубляют про- блемы в позвоночнике и деформируют его естественные изгибы (повреждения в пояснич- ном отделе) позвоночника. Это приводит к возникновению сколиотической болезни. Прыжковая нагрузка провоцирует появление межпозвоночных грыж, в некоторых ситуа- циях может произойти и компрессионный перелом. 
Фигурное катание — один из самых изящных видов спорта, в котором предел чело- веческих возможностей ещё не достигнут. Каждый год сложность технических элементов возрастает. Вот уже больше века эти соревнования — настоящее шоу. В спорте высших достижений во всех видах спортсмены действует на пределе своих возможностей, поэтому травмы получаются из самой сущности. Уровень состояния физического и психического компонентов здоровья, качества жизни спортсменов и спортсменок неравноценен. Если соблюдать все методические принципы и грамотно подходить ко всем разделам спортив- ной тренировки, можно снизить риск получения травмы. 
","фигурное катание, спортивные травмы, фигурные элементы, парное катание, лечение травм, происхождение"
